"partnumber","aviallaltuser","aviallaltuser - Price","aviallaltuser - Stock"
"17341","aviallaltuser",24.26,793
"30850","aviallaltuser",168.49,56
"30863","aviallaltuser",138.13,8
"30864","aviallaltuser",15.95,22
"30865","aviallaltuser",24.66,54
"33874","aviallaltuser",17.48,81
"39490","aviallaltuser",47.78,23
"41642","aviallaltuser",55.07,3
"44060","aviallaltuser",17.59,43
"44426","aviallaltuser",44.73,22
"47080","aviallaltuser",1359.71,40
"47109","aviallaltuser",1308.77,23
"139968","aviallaltuser",157.69,72
"154866","aviallaltuser",1575.11,20
"400107","aviallaltuser",1176.98,45
"6702858","aviallaltuser",1862.9,13
"6705924","aviallaltuser",50.58,80
"6706277","aviallaltuser",35.92,3
"6707250","aviallaltuser",0.35,2
"6708521","aviallaltuser",50.58,134
"6709751","aviallaltuser",2.99,66
"6709972","aviallaltuser",141.75,126
"6710715","aviallaltuser",81.08,61
"6710820","aviallaltuser",44.89,51
"6712992","aviallaltuser",18.15,35
"6713762","aviallaltuser",239.03,37
"6714241","aviallaltuser",392.7,12
"6714768","aviallaltuser",14.86,1139
"6714804","aviallaltuser",30.68,522
"6714805","aviallaltuser",26.32,570
"6714807","aviallaltuser",14.42,859
"6714811","aviallaltuser",19.98,575
"6714812","aviallaltuser",21.42,648
"6714814","aviallaltuser",15.97,75
"6716338","aviallaltuser",73.67,53
"6716825","aviallaltuser",60.9,45
"6716838","aviallaltuser",149.96,91
"6716895","aviallaltuser",19.01,48
"6717147","aviallaltuser",25.4,1336
"6717196","aviallaltuser",41.58,324
"6718476","aviallaltuser",18.84,65
"6718609","aviallaltuser",2.54,199
"6718937","aviallaltuser",20.58,15
"6719546","aviallaltuser",10.23,73
"6720093","aviallaltuser",1.2,12610
"6720634","aviallaltuser",28.56,121
"6720939","aviallaltuser",4.06,94
"6720944","aviallaltuser",6.63,215
"6720945","aviallaltuser",7.1,209
"6720969","aviallaltuser",2288.25,15
"6721451","aviallaltuser",200.48,48
"6721454","aviallaltuser",125.46,41
"6722207","aviallaltuser",4.7,289
"6722982","aviallaltuser",86.1,182
"6723059","aviallaltuser",80.59,52
"6723144","aviallaltuser",441,35
"6723146","aviallaltuser",320.49,11
"6723179","aviallaltuser",3307.5,9
"6723227","aviallaltuser",89.25,71
"6723248","aviallaltuser",75.89,62
"6723249","aviallaltuser",46.2,30
"6724759","aviallaltuser",2944.6,3
"6728286","aviallaltuser",12.08,17
"6730786","aviallaltuser",122.33,226
"6730833","aviallaltuser",51.98,9
"6730906","aviallaltuser",1.81,10647
"6730907","aviallaltuser",1.26,42034
"6731108","aviallaltuser",1.31,22145
"6731183","aviallaltuser",18189.34,8
"6735685","aviallaltuser",14.81,33
"6735692","aviallaltuser",48.28,61
"6736213","aviallaltuser",186.78,123
"6736913","aviallaltuser",717.36,32
"6737017","aviallaltuser",55.42,119
"6737186","aviallaltuser",1.47,5570
"6738053","aviallaltuser",291.9,42
"6738077","aviallaltuser",19.11,151
"6738108","aviallaltuser",18.64,1122
"6738112","aviallaltuser",148.05,3
"6739373","aviallaltuser",21.53,2404
"6739629","aviallaltuser",1132.56,19
"6739827","aviallaltuser",13.13,311
"6739835","aviallaltuser",79.33,27
"6739861","aviallaltuser",74.11,17
"6739865","aviallaltuser",19.84,1818
"6739977","aviallaltuser",16.28,2
"6746974","aviallaltuser",21.45,2986
"6746975","aviallaltuser",27.53,1695
"6747015","aviallaltuser",20.21,20
"6780208","aviallaltuser",4.87,89
"6780869","aviallaltuser",26.51,943
"6780888","aviallaltuser",1176,116
"6781025","aviallaltuser",177.45,13
"6781679","aviallaltuser",3826.68,4
"6782273","aviallaltuser",1155.61,52
"6782914","aviallaltuser",756.67,10
"6783397","aviallaltuser",4.88,8904
"6783679","aviallaltuser",218.4,10
"6783909","aviallaltuser",86.94,41
"6784006","aviallaltuser",49.13,213
"6784014","aviallaltuser",55.55,19
"6784017","aviallaltuser",111.3,17
"6784102","aviallaltuser",109.2,49
"6784106","aviallaltuser",126.33,37
"6784182","aviallaltuser",47.01,57
"6784305","aviallaltuser",2.5,14015
"6784451","aviallaltuser",159.52,17
"6784531","aviallaltuser",10.61,2303
"6784633","aviallaltuser",16,660
"6784642","aviallaltuser",32.34,36
"6784643","aviallaltuser",168,133
"6784662","aviallaltuser",54.63,723
"6784685","aviallaltuser",1374.8,10
"6784708","aviallaltuser",34.97,65
"6784729","aviallaltuser",181.65,22
"6784766","aviallaltuser",5.18,133
"6784779","aviallaltuser",97.74,46
"6784956","aviallaltuser",14.39,21385
"6785053","aviallaltuser",439.48,13
"6785054","aviallaltuser",20.37,107
"6785084","aviallaltuser",1057.35,11
"6785647","aviallaltuser",1660.98,4
"6785758","aviallaltuser",612.13,35
"6786247","aviallaltuser",577.71,77
"6786483","aviallaltuser",245.7,2
"6786766","aviallaltuser",109.71,661
"6787465","aviallaltuser",62.74,68
"6787466","aviallaltuser",59.51,22
"6787470","aviallaltuser",1217.36,94
"6787479","aviallaltuser",420.34,15
"6787480","aviallaltuser",490.78,16
"6787882","aviallaltuser",383.25,30
"6788286","aviallaltuser",168,323
"6788547","aviallaltuser",64.1,6
"6788575","aviallaltuser",1173,14
"6788577","aviallaltuser",5092.82,32
"6788578","aviallaltuser",2128.04,23
"6788615","aviallaltuser",174.3,30
"6788616","aviallaltuser",233.63,22
"6789332","aviallaltuser",708.75,21
"6789503","aviallaltuser",1890,14
"6789695","aviallaltuser",4032,9
"6789772","aviallaltuser",336,28
"6789784","aviallaltuser",59.45,70
"6789798","aviallaltuser",58.22,9
"6808392","aviallaltuser",118.33,157
"6826696","aviallaltuser",515,46
"6828074","aviallaltuser",14.74,28
"6843149","aviallaltuser",580,39
"6850746","aviallaltuser",445.5,132
"23007319","aviallaltuser",7224,22
"23007322","aviallaltuser",7271.25,17
"23007324","aviallaltuser",13401.14,13
"23007406","aviallaltuser",421.99,26
"23007477","aviallaltuser",820.22,7
"23007479","aviallaltuser",197.19,32
"23007589","aviallaltuser",805,3
"23007827","aviallaltuser",4819.1,14
"23007979","aviallaltuser",4387.23,1
"23007981","aviallaltuser",5159.59,1
"23008001","aviallaltuser",18.17,751
"23008002","aviallaltuser",22.28,108
"23008017","aviallaltuser",31.18,89
"23008018","aviallaltuser",126.87,1
"23008030","aviallaltuser",910.51,106
"23008169","aviallaltuser",20776.35,27
"23008185","aviallaltuser",39.9,386
"23008187","aviallaltuser",23.95,1508
"23008246","aviallaltuser",27618.08,7
"23008555","aviallaltuser",1128.59,61
"23008579","aviallaltuser",25323.09,15
"23008863","aviallaltuser",37180.18,14
"23008864","aviallaltuser",37500,2
"23008865","aviallaltuser",36478.14,9
"23008866","aviallaltuser",40500,1
"23008867","aviallaltuser",33387.84,11
"23008868","aviallaltuser",32000,5
"23008870","aviallaltuser",35449.06,4
"23008871","aviallaltuser",33000,2
"23008872","aviallaltuser",33228.72,8
"23008873","aviallaltuser",35665.17,6
"23009234","aviallaltuser",1165.5,30
"23009263","aviallaltuser",62.74,29
"23009312","aviallaltuser",6.96,199
"23009372","aviallaltuser",50238.58,32
"23009375","aviallaltuser",9828.55,50
"23009557","aviallaltuser",193.61,34
"23009572","aviallaltuser",154.05,163
"23009573","aviallaltuser",58.52,462
"23009626","aviallaltuser",554.64,4
"23009813","aviallaltuser",10.87,199
"23009851","aviallaltuser",646.44,114
"23009973","aviallaltuser",1035.76,25
"23009984","aviallaltuser",1093.12,27
"23030560","aviallaltuser",348.14,437
"23030562","aviallaltuser",390.7,4
"23030563","aviallaltuser",513.63,6
"23030895","aviallaltuser",9606.11,24
"23030980","aviallaltuser",112.47,17
"23030981","aviallaltuser",203.42,53
"23031153","aviallaltuser",15434.48,34
"23031154","aviallaltuser",15519.53,31
"23031155","aviallaltuser",15519.53,30
"23031156","aviallaltuser",15519.53,45
"23031157","aviallaltuser",15519.53,32
"23031158","aviallaltuser",15519.53,43
"23031159","aviallaltuser",15519.53,35
"23031349","aviallaltuser",60.25,446
"23031494","aviallaltuser",1624.23,48
"23031496","aviallaltuser",4957.55,13
"23031581","aviallaltuser",524.11,16
"23031656","aviallaltuser",110.41,115
"23031720","aviallaltuser",31.28,114
"23031744","aviallaltuser",3828.06,218
"23031780","aviallaltuser",5820,321
"23031781","aviallaltuser",5619.04,321
"23031782","aviallaltuser",5666.6,290
"23031783","aviallaltuser",6151.61,270
"23031917","aviallaltuser",337.19,2
"23032150","aviallaltuser",15907.51,26
"23032151","aviallaltuser",15907.51,35
"23032152","aviallaltuser",15907.51,36
"23032153","aviallaltuser",15907.51,31
"23032177","aviallaltuser",1608.63,20
"23032214","aviallaltuser",40.03,35
"23032277","aviallaltuser",236.43,380
"23032345","aviallaltuser",3085.74,304
"23032395","aviallaltuser",796.98,169
"23032479","aviallaltuser",19.49,78
"23032481","aviallaltuser",15519.53,22
"23039645","aviallaltuser",40397.25,5
"23057114","aviallaltuser",3195.5,1
"23060467","aviallaltuser",25,1
"6723126-2","aviallaltuser",5848.19,6
"6723126-3","aviallaltuser",3465,3
"6723137-3","aviallaltuser",1066.23,16
"6728014-8","aviallaltuser",105.45,2
"6731153-2","aviallaltuser",3688.71,7
"6731153-3","aviallaltuser",950.23,6
"6735102-8","aviallaltuser",41.44,7
"6739844-5","aviallaltuser",5.43,78
"6739844-7","aviallaltuser",4.65,60
"6739844-8","aviallaltuser",2.92,2787
"6739844-9","aviallaltuser",1.83,1003
"6743301-8","aviallaltuser",426.65,7
"6780746-2","aviallaltuser",44.1,21
"6780746-3","aviallaltuser",40.95,75
"6780747-1","aviallaltuser",146.08,15
"6780747-2","aviallaltuser",76.7,8
"6780822-4","aviallaltuser",727.66,5
"6780822-5","aviallaltuser",1405.69,39
"6780822-7","aviallaltuser",576.63,1
"6800088-3","aviallaltuser",9.49,141
"6800088-6","aviallaltuser",21.62,254
"6800088-8","aviallaltuser",7.82,36
"6816110-1","aviallaltuser",365.34,34
"6820055-7","aviallaltuser",34.14,22681
"6820512-1","aviallaltuser",31.06,142
"6820512-2","aviallaltuser",13.09,22
"6820512-3","aviallaltuser",12.6,2
"6820512-4","aviallaltuser",47.3,10
"6820556-1","aviallaltuser",208.59,14
"6823374-1","aviallaltuser",53.71,11
"6823374-2","aviallaltuser",58.28,20
"6825488-4","aviallaltuser",137.93,2
"6825546-1","aviallaltuser",122.31,9
"6825546-2","aviallaltuser",692.32,25
"6829890-3","aviallaltuser",329.39,6
"6840364-3","aviallaltuser",5.52,68
"6840364-4","aviallaltuser",1.39,71
"6840364-5","aviallaltuser",3.62,42
"6840364-6","aviallaltuser",3.4,1
"6840364-8","aviallaltuser",3.98,9
"6841685-2",,,
"6843356-1","aviallaltuser",214.73,11
"6843357-1","aviallaltuser",427.57,4
"6843357-3","aviallaltuser",512.58,1
"6843358-1","aviallaltuser",318.99,55
"6843358-3","aviallaltuser",474.31,8
"6843358-4","aviallaltuser",466.74,1
"6843361-5","aviallaltuser",472.38,11
"6843362-3","aviallaltuser",1204.87,5
"6843363-1","aviallaltuser",341.62,7
"6843872-4","aviallaltuser",1037.27,96
"6843872-6","aviallaltuser",937.5,40
"6844359-3","aviallaltuser",520.78,10
"6846119-1","aviallaltuser",8.13,1
"6847719-3","aviallaltuser",28.08,344
"6847719-4","aviallaltuser",29.08,32
"6847719-8","aviallaltuser",29.33,10
"6847720-4","aviallaltuser",26.97,28
"6848996-1","aviallaltuser",200.37,154
"6848996-2","aviallaltuser",57.96,263
"6848996-3","aviallaltuser",128.78,3
"6848996-5","aviallaltuser",12.57,27
"6854936-1","aviallaltuser",128.36,22
"6855531-3","aviallaltuser",882.46,9
"6868675-2","aviallaltuser",233.66,1
"6871076-6","aviallaltuser",47.93,52
"6871533-1","aviallaltuser",93.47,32
"6873301-8","aviallaltuser",5,1
"6874924-0","aviallaltuser",44.63,79
"6874924-1","aviallaltuser",133.9,12
"6874924-2","aviallaltuser",117.66,7
"6874924-4","aviallaltuser",111.13,40
"6874924-5","aviallaltuser",124.38,23
"6874924-6","aviallaltuser",112.19,30
"6875011-1","aviallaltuser",163.1,5
"6875011-3","aviallaltuser",22.85,228
"6875527-4","aviallaltuser",288.92,30
"6875527-5","aviallaltuser",288.92,3
"6875529-6","aviallaltuser",1048.45,16
"6875530-6","aviallaltuser",358.34,7
"6875531-3","aviallaltuser",43.31,25
"6876030-3","aviallaltuser",499.62,14
"6877390-1","aviallaltuser",3087.47,1
"6877736-1","aviallaltuser",1908.23,69
"6877736-2","aviallaltuser",1795.36,51
"6887099-1","aviallaltuser",78.75,30
"6887099-2","aviallaltuser",172.49,8
"6889172-1","aviallaltuser",593.16,8
"6889172-2","aviallaltuser",748.29,1
"6889172-3","aviallaltuser",1620.86,19
"6889182-1","aviallaltuser",795.22,14
"6889182-3","aviallaltuser",813.49,2
"6889314-1","aviallaltuser",450.11,7
"6889314-3","aviallaltuser",526.39,6
"6889351-2","aviallaltuser",121.86,57
"6892069-2","aviallaltuser",332.43,15
"6897953-8","aviallaltuser",2.4,7418
"6898224-1","aviallaltuser",124.09,166
"6898224-6","aviallaltuser",57.65,212
"6898224-7","aviallaltuser",91.8,168
"6898224-8","aviallaltuser",103.16,207
"6898577-2","aviallaltuser",514.24,2
"6898577-3","aviallaltuser",566.91,23
"6899282-2","aviallaltuser",520.22,37
"23005291-4","aviallaltuser",1168.41,5
"23005539-1","aviallaltuser",2030.69,1
"23008495-1","aviallaltuser",325.13,41
"23008495-2","aviallaltuser",385.77,23
"23008495-3","aviallaltuser",385.77,36
"23008495-4","aviallaltuser",389.51,12
"23008495-5","aviallaltuser",385.77,8
"23008495-7","aviallaltuser",375.98,4
"23008495-9","aviallaltuser",367.21,15
"23032283-1","aviallaltuser",3729.43,32
"23034183-2","aviallaltuser",1471.37,25
"23039909-1","aviallaltuser",248.62,16
"23051117-1","aviallaltuser",5143.26,159
"23051117-2","aviallaltuser",6558.03,25
"23053898-1","aviallaltuser",59.94,253
"23053898-3","aviallaltuser",27.77,337
"23058149-1","aviallaltuser",72.09,3
"23059568-1","aviallaltuser",6907.26,10
"23059568-3","aviallaltuser",6668.96,16
"23060835-1","aviallaltuser",607.78,111
"23060835-2","aviallaltuser",623.61,92
"23060838-2","aviallaltuser",489.97,14
"23079637-1","aviallaltuser",3068.07,328
"23079637-2","aviallaltuser",5221.77,43
"23087755-1","aviallaltuser",21.6,38
"6726656-90","aviallaltuser",1.53,659
"6727686-19","aviallaltuser",95.89,23
"6735231-33","aviallaltuser",7.5,76
"6739844-10","aviallaltuser",3.89,895
"6739844-12","aviallaltuser",30.58,14
"6739844-15","aviallaltuser",5.7,310
"6739844-17","aviallaltuser",3.92,1848
"6748072-50","aviallaltuser",2.44,201
"6782802-10","aviallaltuser",10.68,12
"6810388-96","aviallaltuser",31.97,10
"6816237-45","aviallaltuser",71.75,221
"6820290-08","aviallaltuser",108.29,53
"6825450-04","aviallaltuser",30.38,107
"6825540-05","aviallaltuser",162.1,50
"6825540-21","aviallaltuser",242.95,49
"6828846-17","aviallaltuser",42.68,798
"6828846-21","aviallaltuser",187.69,11
"6828846-23","aviallaltuser",131.65,4
"6828846-25","aviallaltuser",44.14,9
"6828846-27","aviallaltuser",64.24,18
"6828846-28","aviallaltuser",28.07,96
"6828846-31","aviallaltuser",28.12,26
"6828846-32","aviallaltuser",522.2,12
"6828846-33","aviallaltuser",23.76,73
"6828846-34","aviallaltuser",3.57,402
"6840383-13","aviallaltuser",32.49,1468
"6840383-14","aviallaltuser",54.67,12
"6840383-16","aviallaltuser",43.78,1379
"6841662-08","aviallaltuser",104.48,30
"6841662-13","aviallaltuser",37.37,219
"6841662-15","aviallaltuser",60.16,74
"6841662-16","aviallaltuser",22.05,205
"6841662-18","aviallaltuser",31.64,188
"6846196-16","aviallaltuser",30.17,444
"6871521-11","aviallaltuser",38.48,489
"6871521-12","aviallaltuser",37.04,777
"6871521-13","aviallaltuser",30.58,3087
"6871521-14","aviallaltuser",60.39,324
"6871521-16","aviallaltuser",29.33,106
"6871521-17","aviallaltuser",54.74,33
"6871522-10","aviallaltuser",31.52,134
"6871526-15","aviallaltuser",111.38,28
"6871529-12","aviallaltuser",116.2,79
"6871603-07","aviallaltuser",86.06,118
"6871603-08","aviallaltuser",18.42,618
"6876097-03","aviallaltuser",257.33,269
"6876097-04","aviallaltuser",179.26,271
"6898224-10","aviallaltuser",72.5,124
"23037873-03","aviallaltuser",36.68,75
"23037873-05","aviallaltuser",60.02,18
"23037873-06","aviallaltuser",12.86,45
"23037873-08","aviallaltuser",13.7,22
"23037873-16","aviallaltuser",18.57,3
"23039030-01","aviallaltuser",11.96,37
"23039030-02","aviallaltuser",14.33,224
"23039030-03","aviallaltuser",11.68,352
"23039030-04","aviallaltuser",10.16,708
"23039030-05","aviallaltuser",22.18,504
"23039030-07","aviallaltuser",30.65,13
"23039030-08","aviallaltuser",149.04,1150
"23039030-09","aviallaltuser",17.16,73
"23052974-04","aviallaltuser",34.28,41
"23052974-09","aviallaltuser",16.33,30
"23052974-10","aviallaltuser",34.13,122
"23052974-16","aviallaltuser",21.08,35
"AN815-4J","aviallaltuser",45.89,3
"AN919-3J","aviallaltuser",21.17,15
"AN924-12D","aviallaltuser",8.23,117
"AS3209-122","aviallaltuser",1.17,467
"AS4824N04","aviallaltuser",4.2,1
"MS16625-4037","aviallaltuser",1.08,137
"MS24621-7","aviallaltuser",7.12,1212
"MS24674-18","aviallaltuser",7.73,79
"MS9060-28","aviallaltuser",39.92,242
"MS9217-12","aviallaltuser",16.73,40
"MS9314-03","aviallaltuser",77.53,10
"MS9529-06","aviallaltuser",28.37,219
"AN929-3J",,,
"20303AF","aviallaltuser",10.08,1134
"20305AF","aviallaltuser",6.41,382
"20313AF","aviallaltuser",34.21,516
"20315AF","aviallaltuser",20.92,157
"23005934P0011","aviallaltuser",48.5,2048
"6784105P0015","aviallaltuser",73.25,80
"6784105P009","aviallaltuser",202.49,2
"23034166-05-10","aviallaltuser",130.94,201
"23034166-06-11","aviallaltuser",100.91,23
"23034166-06H11","aviallaltuser",126.35,64
"23034166-06H15","aviallaltuser",140.06,77
"23066708-024","aviallaltuser",393.26,17
"3500AS12","aviallaltuser",200.94,159
"40138P009","aviallaltuser",8,157
"44060P003","aviallaltuser",37.21,2
"44060P009","aviallaltuser",26.1,265
"501PSECTKIT","aviallaltuser",594.59,1
"6705112P020","aviallaltuser",1108.26,12
"6705924P005","aviallaltuser",56.57,70
"6709216P003","aviallaltuser",69.68,123
"6748072-337","aviallaltuser",38.93,326
"6749115-1032","aviallaltuser",57.62,185
"6749115-428","aviallaltuser",19.76,1322
"6749195-1032","aviallaltuser",142.55,89
"6749294-428","aviallaltuser",33.06,2298
"6749294-524","aviallaltuser",20.48,4273
"6782262-624","aviallaltuser",74.39,3155
"6782887-428","aviallaltuser",5.22,5790
"6782887-524","aviallaltuser",273.1,2266
"6782887-632","aviallaltuser",159.14,32
"6784209P003","aviallaltuser",84.53,42
"6787535P006","aviallaltuser",1783.9,3
"6800193-171","aviallaltuser",5.83,141
"6800218-321","aviallaltuser",2.47,2352
"6812283-624","aviallaltuser",262.22,6
"6820204-141","aviallaltuser",139.52,1
"6820421-428","aviallaltuser",207.94,40
"6828826-524","aviallaltuser",58.81,1330
"6828827-428","aviallaltuser",179.59,29
"6841728-032","aviallaltuser",329.66,23
"6841728-039","aviallaltuser",45,79
"6841729-026","aviallaltuser",27.02,14
"6841729-027","aviallaltuser",44.92,1178
"6841729-188","aviallaltuser",33.85,56
"6841730-047","aviallaltuser",147.19,31
"6841730-048","aviallaltuser",227.72,7
"6841730-057","aviallaltuser",147.17,109
"6841731-047","aviallaltuser",630.44,14
"6841732-186","aviallaltuser",33.9,15
"6841732-187","aviallaltuser",302.12,18
"6841732-189","aviallaltuser",45.59,57
"6844588-12061","aviallaltuser",101.39,44
"6844591-12101","aviallaltuser",14.4,303
"6844727-1437","aviallaltuser",85.93,190
"6844830-428","aviallaltuser",79.34,19
"6846184-428","aviallaltuser",23.96,5261
"6886430E062E140","aviallaltuser",366.44,20
"6886430G160F342","aviallaltuser",252,14
"6892853P006","aviallaltuser",55.97,25
"8982156P003","aviallaltuser",53.62,1
"A15LFEC0MP0IL","aviallaltuser",858.23,8
"AN101006","aviallaltuser",29.27,618
"AN101007","aviallaltuser",4.92,553
"AN101008","aviallaltuser",2.57,1277
"AN101009","aviallaltuser",2.36,320
"AN101013","aviallaltuser",2.03,120
"AN101015","aviallaltuser",25.07,375
"AN101016","aviallaltuser",46.2,118
"AN101024","aviallaltuser",10.36,194
"AN101025","aviallaltuser",45.08,4
"AN101110","aviallaltuser",13.74,16
"AN101121","aviallaltuser",18.68,1806
"AN101126","aviallaltuser",20.07,10
"AN101128","aviallaltuser",14.36,20
"AN101129","aviallaltuser",13.98,46
"AN101210","aviallaltuser",6.07,19
"AN102907","aviallaltuser",14.76,10
"AN315C4R","aviallaltuser",1.65,59
"AN103033","aviallaltuser",6.23,7
"AN103828","aviallaltuser",7.11,14
"AN103830","aviallaltuser",42.34,63
"AN103843","aviallaltuser",13.98,67
"AN104607","aviallaltuser",3.75,233
"AN104608","aviallaltuser",7.08,18
"AN104613","aviallaltuser",13.54,54
"AN104620","aviallaltuser",40.59,275
"AN104707","aviallaltuser",13.98,51
"AN104711","aviallaltuser",26.1,143
"AN106411","aviallaltuser",6.3,1
"AN106509","aviallaltuser",26.24,4
"AN106511","aviallaltuser",31.64,15
"AN106526","aviallaltuser",44.08,16
"AN106624","aviallaltuser",13.41,35
"AN106714","aviallaltuser",8.18,1
"AN106728","aviallaltuser",9.19,45
"AN107407","aviallaltuser",61.92,22
"AN107414","aviallaltuser",17.6,29
"AN115809","aviallaltuser",18.67,40
"AN115909","aviallaltuser",13,43
"AN115913","aviallaltuser",18.5,7
"AN117003","aviallaltuser",4.33,1
"AN121552","aviallaltuser",11.59,82
"AN121662","aviallaltuser",43.01,36
"AN122581","aviallaltuser",0.52,552
"AN122704","aviallaltuser",4.94,104
"AN122706","aviallaltuser",3.44,22
"AN122707","aviallaltuser",3.43,599
"AN150306","aviallaltuser",1.32,112
"AN150354","aviallaltuser",0.75,5
"AN150411","aviallaltuser",6.62,178
"AN150526","aviallaltuser",60.18,14
"AN150531","aviallaltuser",10.83,8
"AN150532","aviallaltuser",11.58,48
"AN150533","aviallaltuser",24.76,13
"AN150534","aviallaltuser",71.62,2
"AN150538","aviallaltuser",16.32,1
"AN150550","aviallaltuser",11.45,27
"AN150551","aviallaltuser",380.34,16
"AN150552","aviallaltuser",93.51,15
"AN150553","aviallaltuser",39.31,57
"AN150592","aviallaltuser",24.56,15
"AN150593","aviallaltuser",6.54,13
"AN150832","aviallaltuser",70.97,39
"AN150833","aviallaltuser",39.54,173
"AN150835","aviallaltuser",5.44,622
"AN150861","aviallaltuser",15.88,4
"AN150862","aviallaltuser",11.85,19
"AN150863","aviallaltuser",18.71,130
"AN150940","aviallaltuser",17.98,181
"AN150941","aviallaltuser",41.08,7
"AN150960","aviallaltuser",175.96,3
"AN151007","aviallaltuser",43.35,29
"AN151008","aviallaltuser",372.33,7
"AN151132","aviallaltuser",24.46,23
"AN151134","aviallaltuser",92.41,92
"AN154721","aviallaltuser",42.14,77
"AN173C10","aviallaltuser",41.35,3
"AN173C6","aviallaltuser",11.28,26
"AN173C7","aviallaltuser",146.01,24
"AN176H11A","aviallaltuser",16.29,21
"AN500AD8-7","aviallaltuser",0.91,53
"AN500D4-4","aviallaltuser",2.61,524
"AN565FC624H10","aviallaltuser",7.5,4
"AN804C5","aviallaltuser",6.25,4
"AN815-4D","aviallaltuser",6.34,49
"AN833-12D","aviallaltuser",79.97,3
"AN833-20D","aviallaltuser",261.93,6
"AN833-5J","aviallaltuser",94.02,1
"AN833-6J","aviallaltuser",86.25,48
"AN893-8D","aviallaltuser",74.97,6
"AN919-22D","aviallaltuser",35.62,63
"AN104606",,,
"AN150865",,,
"AN814-2D",,,
"AN924-8J","aviallaltuser",18.05,5
"AN929-2J","aviallaltuser",10.13,10
"AN929-4J","aviallaltuser",21.39,109
"AS1038GJ0404","aviallaltuser",72.96,5
"AS1038J0404","aviallaltuser",194.35,12
"AS1038J1012","aviallaltuser",128.06,7
"AS12811","aviallaltuser",9.23,527
"AS12841","aviallaltuser",49.82,150
"AS3085-027","aviallaltuser",0.82,569
"AS3208-03","aviallaltuser",2.95,35
"AS3208-04","aviallaltuser",0.46,1986
"AS3208-05","aviallaltuser",12.9,573
"AS3208-06","aviallaltuser",0.58,290
"AS3209-008","aviallaltuser",1.17,1583
"AS3209-009","aviallaltuser",0.43,6
"AS3209-010","aviallaltuser",0.95,559
"AS3209-011","aviallaltuser",1.28,1641
"AS3209-012","aviallaltuser",2.14,157
"AS3209-013","aviallaltuser",0.75,24
"AS3209-015","aviallaltuser",1.64,729
"AS3209-017","aviallaltuser",3.13,251
"AS3209-018","aviallaltuser",2.21,43
"AS3209-019","aviallaltuser",1.39,434
"AS3209-020","aviallaltuser",1.28,416
"AS3209-022","aviallaltuser",4.49,2
"AS3209-024","aviallaltuser",1.55,944
"AS3209-028","aviallaltuser",0.74,616
"AS3209-031","aviallaltuser",1.37,161
"AS3209-111","aviallaltuser",0.58,190
"AS3209-113","aviallaltuser",1.99,393
"AS3209-116","aviallaltuser",1.39,46
"AS3209-119","aviallaltuser",4.91,40
"AS3209-126","aviallaltuser",1.09,98
"AS3209-129","aviallaltuser",1.86,17
"AS3209-158","aviallaltuser",12.79,117
"AS3209-262","aviallaltuser",12.22,12
"AS3221","aviallaltuser",101.93,68
"AS3222","aviallaltuser",261.52,17
"AS3223","aviallaltuser",433.13,4
"AS3477-11","aviallaltuser",9.89,67
"AS3578-905","aviallaltuser",0.64,552
"AS3580-4-15","aviallaltuser",22.07,308
"AS4411J060406","aviallaltuser",241.74,8
"AS4824N03","aviallaltuser",7.13,305
"AS4824N05","aviallaltuser",8.12,188
"AS4824N06","aviallaltuser",6.9,35
"AS4824N08","aviallaltuser",5.13,88
"AS5174J0606","aviallaltuser",17.52,4
"AS5178J05","aviallaltuser",12.65,6
"BVKIT2R","aviallaltuser",162.35,5
"C30C0MPK","aviallaltuser",521.29,8
"C30ENGAC1","aviallaltuser",106.05,3
"C40C47TU","aviallaltuser",3073.2,18
"F2784D","aviallaltuser",0.81,127
"F2785A","aviallaltuser",0.81,155
"GT11778","aviallaltuser",0.81,130
"GT2784A","aviallaltuser",1,55
"M250-10071","aviallaltuser",5956.88,3
"M250-10088","aviallaltuser",1933.22,4
"M250-10109","aviallaltuser",986.71,1
"M250-10115","aviallaltuser",337.49,5
"M250-10119","aviallaltuser",474.38,1
"M250-10146","aviallaltuser",5850.49,20
"M250-10327","aviallaltuser",8560.87,7
"AN960XC916L",,,
"AS3209-039",,,
"AS3209-159",,,
"MS21318-23",,,
"MS35206-241",,,
"MS35276-260","aviallaltuser",1.64,49
"MS35276-261","aviallaltuser",1.77,246
"MS35333-71","aviallaltuser",0.74,155
"MS35333-73","aviallaltuser",0.36,44
"MS35338-137","aviallaltuser",0.12,899
"MS51957-41",,,
"MS90725-113","aviallaltuser",80.59,458
"MS9245-24","aviallaltuser",0.75,7
"MS21048-08W","aviallaltuser",9.4,45
"MS9024-19",,,
"MS9217-05","aviallaltuser",17.16,1
"MS9432-05","aviallaltuser",22.45,493
"MS9489-04","aviallaltuser",10.2,247
"MS9489-06","aviallaltuser",4.88,42
"MS9489-08","aviallaltuser",7.34,202
"MS122901","aviallaltuser",4.35,40
"MS21043-06","aviallaltuser",6,13
"MS21043-5","aviallaltuser",9.1,1321
"MS21103-13","aviallaltuser",0.8,602
"MS9489-05","aviallaltuser",2.61,33
"MS9489-16",,,
"M250-10603","aviallaltuser",2217,1
"M83723-61-214R","aviallaltuser",317.24,4
"MS122902","aviallaltuser",2.45,2
"MS122903","aviallaltuser",3.56,61
"MS122904","aviallaltuser",1.45,1657
"MS122910","aviallaltuser",12.87,97
"MS122915","aviallaltuser",9.38,1
"MS124660","aviallaltuser",2.22,1
"MS171468","aviallaltuser",22.53,10
"MS171492","aviallaltuser",11.56,1
"MS171592","aviallaltuser",1.7,79
"MS172203","aviallaltuser",8.24,56
"MS17294-026","aviallaltuser",30.33,49
"MS17301-083","aviallaltuser",33.29,58
"MS21043-3","aviallaltuser",3.3,7549
"MS21044N4","aviallaltuser",0.5,1959
"MS21044N5","aviallaltuser",2.09,195
"MS21045C4","aviallaltuser",3.4,480
"MS24665-1013","aviallaltuser",0.64,122
"MS24665-151","aviallaltuser",0.05,3932
"MS29513-019","aviallaltuser",1.7,25
"MS29513-232","aviallaltuser",2.29,342
"MS51830A201L","aviallaltuser",12.43,310
"MS51831A202L","aviallaltuser",16.13,836
"MS9015-06","aviallaltuser",15.3,30
"MS9016-18","aviallaltuser",16.53,193
"MS9016-21","aviallaltuser",14.64,669
"MS9034-10","aviallaltuser",7.82,9
"MS9060-05","aviallaltuser",8.85,86
"MS9060-07","aviallaltuser",13.75,435
"MS9061-12","aviallaltuser",19.64,34
"MS9088-06","aviallaltuser",13.54,41
"MS9165-02","aviallaltuser",16.03,30
"MS9217-28","aviallaltuser",19.95,23
"MS9320-10","aviallaltuser",0.7,3955
"MS9321-09","aviallaltuser",1.33,13
"MS9352-03","aviallaltuser",9.07,364
"MS9352-12","aviallaltuser",31.79,23
"MS9372-017","aviallaltuser",30.57,72
"MS9372-019","aviallaltuser",38.74,409
"MS9372-029","aviallaltuser",33.97,880
"MS9432-06","aviallaltuser",6.72,1574
"MS9432-07","aviallaltuser",20.53,591
"MS9452-17","aviallaltuser",8.31,13
"MS9486-02","aviallaltuser",1.7,24
"MS9486-04","aviallaltuser",1.28,9
"MS9486-06","aviallaltuser",2.69,7
"MS9486-25","aviallaltuser",1.22,151
"MS9489-27","aviallaltuser",22.02,503
"MS9490-07","aviallaltuser",6.58,37
"MS9492-09","aviallaltuser",97.86,30
"MS9501-20","aviallaltuser",24.53,231
"MS16627-4075",,,
"MS21043-04",,,
"MS29513-137",,,
"NAS509-7","aviallaltuser",20.67,2
"MS9530-10","aviallaltuser",0.95,2654
"MS9552-010","aviallaltuser",4.4,8
"MS9555-06","aviallaltuser",2.54,799
"MS9556-06","aviallaltuser",2.47,2
"MS9556-18","aviallaltuser",14.86,11
"MS9556-24","aviallaltuser",10.24,214
"MS9556-32","aviallaltuser",59.76,197
"MS9557-14","aviallaltuser",16.76,1028
"MS9557-33","aviallaltuser",14.54,14
"MS9565-06","aviallaltuser",3.98,10
"MS9565-07","aviallaltuser",16.56,21
"MS9565-28","aviallaltuser",15.09,77
"MS9565-31","aviallaltuser",22.77,16
"MS9565-33","aviallaltuser",14.81,407
"MS9568-04","aviallaltuser",17.04,18
"MS9575-06","aviallaltuser",11.48,32
"MS9584-04","aviallaltuser",126.24,112
"MS9592-050","aviallaltuser",11.36,5
"MS9593-015","aviallaltuser",40.86,196
"MS9705-14","aviallaltuser",46.66,18
"NAS1081-4A8N","aviallaltuser",61.39,271
"NAS1149C0363R","aviallaltuser",0.15,10042
"NAS1149C0432R","aviallaltuser",0.09,18627
"NAS1149C0463R","aviallaltuser",0.1,76
"NAS1149C0563R","aviallaltuser",1.58,100
"NAS1149C0632R","aviallaltuser",0.3,1059
"NAS1149E0332R","aviallaltuser",4.95,103
"NAS1149F0332P","aviallaltuser",0.09,23282
"NAS1149F0763P","aviallaltuser",0.09,901
"NAS1163-2N","aviallaltuser",85.33,31
"NAS1394-3","aviallaltuser",12.6,73
"NAS1394-3L","aviallaltuser",12.58,10
"NAS1789C3","aviallaltuser",96.31,9
"NAS509-9C","aviallaltuser",73.31,89
"NAS617-5","aviallaltuser",5.35,4
"NAS816-17","aviallaltuser",2.48,5
"RR30000372","aviallaltuser",2155.96,117
"ST1220","aviallaltuser",70.76,5
"ST1224","aviallaltuser",13.16,31
"ST1226","aviallaltuser",14.29,174
"ST1228P012","aviallaltuser",16.48,4
"ST1264","aviallaltuser",17.13,151
"MS9556-04",,,
"MS9556-08",,,
"MS9556-10",,,
"MS9593-074",,,
"NAS1149C0416R",,,
"NAS1149F0463P",,,
"NAS816-23",,,
"NAS1149C0932B",,,
"M250-10084","aviallaltuser",7041.95,10